{"loss": [0.07648156583309174, 0.049314312636852264, 0.03348372504115105], "accuracy": [0.9543625712394714, 0.9699801802635193, 0.9701687693595886], "val_loss": [0.06119261309504509, 0.05722719803452492, 0.04988042637705803], "val_accuracy": [0.9625635743141174, 0.965217649936676, 0.9537352919578552]}