{"loss": [0.07899187505245209, 0.03818899765610695, 0.02384970337152481], "accuracy": [0.9832913279533386, 0.9901392459869385, 0.9939590692520142], "val_loss": [0.04427475854754448, 0.0360843650996685, 0.0388941615819931], "val_accuracy": [0.9885022044181824, 0.9917916655540466, 0.9897319078445435]}